"cell_class","mean_var","min_var","max_var"
"Excitatory",0.137595952240795,0.118199202480312,0.16258215908756
"SST+ Inhibitory",0.246022467070186,0.189916224322943,0.262740737781083
